company_id,metric,imputation_method,imputed_value,pipeline_section
ATGL,return_on_equity_pct,sector_median,13.23,cluster_features
SBIN,return_on_equity_pct,sector_median,15.74,cluster_features
ATGL,debt_to_equity,sector_median,0.8413,cluster_features
SBIN,debt_to_equity,sector_median,4.3965499999999995,cluster_features
ATGL,revenue_cagr_5yr,sector_median,9.61,cluster_features
JIOFIN,revenue_cagr_5yr,sector_median,17.48,cluster_features
SBIN,revenue_cagr_5yr,sector_median,17.48,cluster_features
ADANIENSOL,fcf_cagr_5yr,sector_median,12.690000000000001,cluster_features
ADANIENT,fcf_cagr_5yr,sector_median,32.355000000000004,cluster_features
ADANIGREEN,fcf_cagr_5yr,sector_median,12.690000000000001,cluster_features
AMBUJACEM,fcf_cagr_5yr,sector_median,9.99,cluster_features
ATGL,fcf_cagr_5yr,sector_median,12.690000000000001,cluster_features
AXISBANK,fcf_cagr_5yr,sector_median,-7.36,cluster_features
BAJAJFINSV,fcf_cagr_5yr,sector_median,-7.36,cluster_features
BAJFINANCE,fcf_cagr_5yr,sector_median,-7.36,cluster_features
BANKBARODA,fcf_cagr_5yr,sector_median,-7.36,cluster_features
BEL,fcf_cagr_5yr,sector_median,32.355000000000004,cluster_features
BHARTIARTL,fcf_cagr_5yr,global_median,10.03,cluster_features
BHEL,fcf_cagr_5yr,sector_median,32.355000000000004,cluster_features
BPCL,fcf_cagr_5yr,sector_median,12.690000000000001,cluster_features
CHOLAFIN,fcf_cagr_5yr,sector_median,-7.36,cluster_features
DMART,fcf_cagr_5yr,sector_median,10.03,cluster_features
GODREJCP,fcf_cagr_5yr,sector_median,8.96,cluster_features
GRASIM,fcf_cagr_5yr,sector_median,32.355000000000004,cluster_features
HAL,fcf_cagr_5yr,sector_median,32.355000000000004,cluster_features
HDFCBANK,fcf_cagr_5yr,sector_median,-7.36,cluster_features
HDFCLIFE,fcf_cagr_5yr,sector_median,-7.36,cluster_features
INDUSINDBK,fcf_cagr_5yr,sector_median,-7.36,cluster_features
IOC,fcf_cagr_5yr,sector_median,12.690000000000001,cluster_features
IRFC,fcf_cagr_5yr,sector_median,-7.36,cluster_features
JINDALSTEL,fcf_cagr_5yr,sector_median,9.99,cluster_features
JIOFIN,fcf_cagr_5yr,sector_median,-7.36,cluster_features
JSWENERGY,fcf_cagr_5yr,sector_median,12.690000000000001,cluster_features
JSWSTEEL,fcf_cagr_5yr,sector_median,9.99,cluster_features
KOTAKBANK,fcf_cagr_5yr,sector_median,-7.36,cluster_features
LODHA,fcf_cagr_5yr,sector_median,-13.17,cluster_features
LT,fcf_cagr_5yr,sector_median,32.355000000000004,cluster_features
M&M,fcf_cagr_5yr,sector_median,10.03,cluster_features
NAUKRI,fcf_cagr_5yr,global_median,10.03,cluster_features
NTPC,fcf_cagr_5yr,sector_median,12.690000000000001,cluster_features
PFC,fcf_cagr_5yr,sector_median,-7.36,cluster_features
PNB,fcf_cagr_5yr,sector_median,-7.36,cluster_features
RECLTD,fcf_cagr_5yr,sector_median,-7.36,cluster_features
RELIANCE,fcf_cagr_5yr,sector_median,12.690000000000001,cluster_features
SBILIFE,fcf_cagr_5yr,sector_median,-7.36,cluster_features
SHRIRAMFIN,fcf_cagr_5yr,sector_median,-7.36,cluster_features
TATAMOTORS,fcf_cagr_5yr,sector_median,10.03,cluster_features
TATASTEEL,fcf_cagr_5yr,sector_median,9.99,cluster_features
TRENT,fcf_cagr_5yr,sector_median,10.03,cluster_features
TVSMOTOR,fcf_cagr_5yr,sector_median,10.03,cluster_features
ATGL,operating_profit_margin_pct,sector_median,29.0,cluster_features
PNB,operating_profit_margin_pct,sector_median,84.0,cluster_features
SBIN,operating_profit_margin_pct,sector_median,84.0,cluster_features
ATGL,return_on_equity_pct,sector_median,13.23,core_kpis
SBIN,return_on_equity_pct,sector_median,15.74,core_kpis
ATGL,return_on_capital_employed_pct,sector_median,8.92,core_kpis
PNB,return_on_capital_employed_pct,sector_median,4.17,core_kpis
SBIN,return_on_capital_employed_pct,sector_median,4.17,core_kpis
ATGL,net_profit_margin_pct,sector_median,9.66,core_kpis
SBIN,net_profit_margin_pct,sector_median,19.945,core_kpis
ATGL,operating_profit_margin_pct,sector_median,29.0,core_kpis
PNB,operating_profit_margin_pct,sector_median,84.0,core_kpis
SBIN,operating_profit_margin_pct,sector_median,84.0,core_kpis
ATGL,debt_to_equity,sector_median,0.8413,core_kpis
SBIN,debt_to_equity,sector_median,4.3965499999999995,core_kpis
ATGL,interest_coverage,sector_median,7.7289,core_kpis
PNB,interest_coverage,sector_median,1.8967,core_kpis
SBIN,interest_coverage,sector_median,1.8967,core_kpis
ATGL,asset_turnover,sector_median,0.4419,core_kpis
SBIN,asset_turnover,sector_median,0.08845,core_kpis
ATGL,free_cash_flow_cr,sector_median,8644.0,core_kpis
SBIN,free_cash_flow_cr,sector_median,-2496.0,core_kpis
ATGL,revenue_cagr_5yr,sector_median,9.61,core_kpis
JIOFIN,revenue_cagr_5yr,sector_median,17.48,core_kpis
SBIN,revenue_cagr_5yr,sector_median,17.48,core_kpis
ADANIGREEN,pat_cagr_5yr,sector_median,10.97,core_kpis
ADANIPOWER,pat_cagr_5yr,sector_median,10.97,core_kpis
ATGL,pat_cagr_5yr,sector_median,10.97,core_kpis
GODREJCP,pat_cagr_5yr,sector_median,12.105,core_kpis
JINDALSTEL,pat_cagr_5yr,sector_median,13.07,core_kpis
JIOFIN,pat_cagr_5yr,sector_median,23.305,core_kpis
PNB,pat_cagr_5yr,sector_median,23.305,core_kpis
SBIN,pat_cagr_5yr,sector_median,23.305,core_kpis
TATAMOTORS,pat_cagr_5yr,sector_median,15.32,core_kpis
TATASTEEL,pat_cagr_5yr,sector_median,13.07,core_kpis
